,1235,1228,1120,1361,1140,1450,1194,1321,1179,1182,1412,1463,1287,1355,1391,1314,1112,1124,1104,1388,1155,1173,1280,1277,1305,1307,1213,1158,1159,1253,1447,1345,1397,1166,1242,1211,1376,1400,1429,1395,1161,1332,1270,1359,1103,1389,1212,1222,1266,1246,1181,1458,1403,1196,1304,1401,1160,1301,1241,1436,1324,1443,1255,1163
1163,[0.51 0.49],[0.35 0.65],[0.45 0.55],[0.37 0.63],[0.32 0.68],[0.53 0.47],[0.36 0.64],[0.57 0.43],[0.47 0.53],[0.5 0.5],[0.41 0.59],[0.43 0.57],[0.47 0.53],[0.58 0.42],[0.49 0.51],[0.3 0.7],[0.35 0.65],[0.29 0.71],[0.46 0.54],[0.56 0.44],[0.26 0.74],[0.36 0.64],[0.44 0.56],[0.3 0.7],[0.36 0.64],[0.53 0.47],[0.47 0.53],[0.45 0.55],[0.45 0.55],[0.54 0.46],[0.54 0.46],[0.42 0.58],[0.39 0.61],[0.09 0.91],[0.13 0.87],[0.36 0.64],[0.28 0.72],[0.46 0.54],[0.56 0.44],[0.55 0.45],[0.27 0.73],[0.44 0.56],[0.36 0.64],[0.5 0.5],[0.41 0.59],[0.56 0.44],[0.53 0.47],[0.37 0.63],[0.3 0.7],[0.43 0.57],[0.34 0.66],[0.47 0.53],[0.57 0.43],[0.43 0.57],[0.52 0.48],[0.54 0.46],[0.42 0.58],[0.31 0.69],[0.4 0.6],[0.43 0.57],[0.59 0.41],[0.65 0.35],[0.51 0.49],
1228,[0.64 0.36],,[0.68 0.32],[0.39 0.61],[0.37 0.63],[0.55 0.45],[0.28 0.72],[0.56 0.44],[0.4 0.6],[0.4 0.6],[0.61 0.39],[0.57 0.43],[0.53 0.47],[0.6 0.4],[0.53 0.47],[0.39 0.61],[0.46 0.54],[0.49 0.51],[0.29 0.71],[0.62 0.38],[0.58 0.42],[0.61 0.39],[0.58 0.42],[0.55 0.45],[0.55 0.45],[0.58 0.42],[0.47 0.53],[0.43 0.57],[0.49 0.51],[0.55 0.45],[0.64 0.36],[0.49 0.51],[0.84 0.16],[0.38 0.62],[0.32 0.68],[0.49 0.51],[0.56 0.44],[0.49 0.51],[0.65 0.35],[0.52 0.48],[0.31 0.69],[0.58 0.42],[0.45 0.55],[0.49 0.51],[0.59 0.41],[0.57 0.43],[0.47 0.53],[0.46 0.54],[0.19 0.81],[0.39 0.61],[0.39 0.61],[0.4 0.6],[0.46 0.54],[0.5 0.5],[0.32 0.68],[0.29 0.71],[0.53 0.47],[0.33 0.67],[0.5 0.5],[0.51 0.49],[0.55 0.45],[0.47 0.53],[0.53 0.47],[0.65 0.35]
1120,[0.62 0.38],[0.32 0.68],,[0.27 0.73],[0.57 0.43],[0.45 0.55],[0.59 0.41],[0.52 0.48],[0.51 0.49],[0.51 0.49],[0.39 0.61],[0.47 0.53],[0.48 0.52],[0.51 0.49],[0.63 0.37],[0.77 0.23],[0.57 0.43],[0.19 0.81],[0.84 0.16],[0.37 0.63],[0.5 0.5],[0.57 0.43],[0.13 0.87],[0.61 0.39],[0.28 0.72],[0.32 0.68],[0.61 0.39],[0.56 0.44],[0.52 0.48],[0.6 0.4],[0.56 0.44],[0.65 0.35],[0.1 0.9],[0.62 0.38],[0.56 0.44],[0.54 0.46],[0.25 0.75],[0.53 0.47],[0.33 0.67],[0.69 0.31],[0.53 0.47],[0.31 0.69],[0.5 0.5],[0.39 0.61],[0.62 0.38],[0.63 0.37],[0.55 0.45],[0.44 0.56],[0.31 0.69],[0.88 0.12],[0.52 0.48],[0.44 0.56],[0.67 0.33],[0.78 0.22],[0.72 0.28],[0.3 0.7],[0.55 0.45],[0.68 0.32],[0.46 0.54],[0.49 0.51],[0.54 0.46],[0.61 0.39],[0.44 0.56],[0.55 0.45]
1361,[0.27 0.73],[0.61 0.39],[0.73 0.27],,[0.08 0.92],[0.5 0.5],[0.72 0.28],[0.62 0.38],[0.51 0.49],[0.41 0.59],[0.59 0.41],[0.69 0.31],[0.58 0.42],[0.62 0.38],[0.54 0.46],[0.44 0.56],[0.21 0.79],[0.76 0.24],[0.3 0.7],[0.55 0.45],[0.18 0.82],[0.73 0.27],[0.58 0.42],[0.52 0.48],[0.35 0.65],[0.29 0.71],[0.52 0.48],[0.58 0.42],[0.56 0.44],[0.59 0.41],[0.61 0.39],[0.51 0.49],[0.47 0.53],[0.2 0.8],[0.25 0.75],[0.64 0.36],[0.39 0.61],[0.5 0.5],[0.32 0.68],[0.42 0.58],[0.1 0.9],[0.31 0.69],[0.46 0.54],[0.5 0.5],[0.61 0.39],[0.65 0.35],[0.54 0.46],[0.24 0.76],[0.18 0.82],[0.33 0.67],[0.66 0.34],[0.48 0.52],[0.6 0.4],[0.62 0.38],[0.54 0.46],[0.43 0.57],[0.59 0.41],[0.66 0.34],[0.4 0.6],[0.59 0.41],[0.62 0.38],[0.44 0.56],[0.52 0.48],[0.63 0.37]
1140,[0.52 0.48],[0.63 0.37],[0.43 0.57],[0.92 0.08],,[0.51 0.49],[0.47 0.53],[0.71 0.29],[0.62 0.38],[0.51 0.49],[0.37 0.63],[0.59 0.41],[0.48 0.52],[0.54 0.46],[0.64 0.36],[0.52 0.48],[0.4 0.6],[0.59 0.41],[0.54 0.46],[0.59 0.41],[0.4 0.6],[0.39 0.61],[0.47 0.53],[0.4 0.6],[0.3 0.7],[0.76 0.24],[0.59 0.41],[0.45 0.55],[0.39 0.61],[0.53 0.47],[0.57 0.43],[0.7 0.3],[0.36 0.64],[0.55 0.45],[0.32 0.68],[0.46 0.54],[0.66 0.34],[0.57 0.43],[0.67 0.33],[0.73 0.27],[0.46 0.54],[0.46 0.54],[0.44 0.56],[0.42 0.58],[0.45 0.55],[0.54 0.46],[0.5 0.5],[0.25 0.75],[0.3 0.7],[0.56 0.44],[0.33 0.67],[0.68 0.32],[0.65 0.35],[0.65 0.35],[0.44 0.56],[0.71 0.29],[0.54 0.46],[0.78 0.22],[0.65 0.35],[0.64 0.36],[0.59 0.41],[0.36 0.64],[0.44 0.56],[0.68 0.32]
1450,[0.48 0.52],[0.45 0.55],[0.55 0.45],[0.5 0.5],[0.49 0.51],,[0.32 0.68],[0.71 0.29],[0.37 0.63],[0.55 0.45],[0.42 0.58],[0.36 0.64],[0.55 0.45],[0.39 0.61],[0.5 0.5],[0.4 0.6],[0.21 0.79],[0.75 0.25],[0.23 0.77],[0.34 0.66],[0.19 0.81],[0.67 0.33],[0.41 0.59],[0.72 0.28],[0.26 0.74],[0.8 0.2],[0.4 0.6],[0.52 0.48],[0.42 0.58],[0.54 0.46],[0.54 0.46],[0.69 0.31],[0.74 0.26],[0.76 0.24],[0.34 0.66],[0.81 0.19],[0.29 0.71],[0.56 0.44],[0.52 0.48],[0.59 0.41],[0.26 0.74],[0.16 0.84],[0.65 0.35],[0.42 0.58],[0.5 0.5],[0.48 0.52],[0.43 0.57],[0.72 0.28],[0.35 0.65],[0.38 0.62],[0.78 0.22],[0.52 0.48],[0.44 0.56],[0.87 0.13],[0.48 0.52],[0.72 0.28],[0.25 0.75],[0.49 0.51],[0.67 0.33],[0.5 0.5],[0.67 0.33],[0.51 0.49],[0.44 0.56],[0.47 0.53]
1194,[0.58 0.42],[0.72 0.28],[0.41 0.59],[0.28 0.72],[0.53 0.47],[0.68 0.32],,[0.52 0.48],[0.34 0.66],[0.35 0.65],[0.32 0.68],[0.34 0.66],[0.42 0.58],[0.51 0.49],[0.43 0.57],[0.33 0.67],[0.26 0.74],[0.63 0.37],[0.27 0.73],[0.66 0.34],[0.34 0.66],[0.57 0.43],[0.43 0.57],[0.45 0.55],[0.27 0.73],[0.59 0.41],[0.44 0.56],[0.49 0.51],[0.48 0.52],[0.46 0.54],[0.49 0.51],[0.41 0.59],[0.33 0.67],[0.47 0.53],[0.24 0.76],[0.31 0.69],[0.67 0.33],[0.55 0.45],[0.69 0.31],[0.54 0.46],[0.33 0.67],[0.31 0.69],[0.45 0.55],[0.43 0.57],[0.57 0.43],[0.52 0.48],[0.55 0.45],[0.49 0.51],[0.5 0.5],[0.39 0.61],[0.47 0.53],[0.27 0.73],[0.36 0.64],[0.56 0.44],[0.56 0.44],[0.39 0.61],[0.46 0.54],[0.52 0.48],[0.33 0.67],[0.39 0.61],[0.46 0.54],[0.53 0.47],[0.36 0.64],[0.64 0.36]
1321,[0.49 0.51],[0.44 0.56],[0.48 0.52],[0.38 0.62],[0.29 0.71],[0.29 0.71],[0.48 0.52],,[0.3 0.7],[0.6 0.4],[0.35 0.65],[0.41 0.59],[0.48 0.52],[0.46 0.54],[0.53 0.47],[0.49 0.51],[0.69 0.31],[0.37 0.63],[0.3 0.7],[0.55 0.45],[0.16 0.84],[0.28 0.72],[0.18 0.82],[0.42 0.58],[0.29 0.71],[0.48 0.52],[0.66 0.34],[0.59 0.41],[0.4 0.6],[0.51 0.49],[0.58 0.42],[0.34 0.66],[0.62 0.38],[0.26 0.74],[0.29 0.71],[0.28 0.72],[0.34 0.66],[0.56 0.44],[0.56 0.44],[0.36 0.64],[0.23 0.77],[0.52 0.48],[0.38 0.62],[0.5 0.5],[0.47 0.53],[0.61 0.39],[0.54 0.46],[0.21 0.79],[0.26 0.74],[0.65 0.35],[0.16 0.84],[0.36 0.64],[0.35 0.65],[0.72 0.28],[0.49 0.51],[0.46 0.54],[0.27 0.73],[0.55 0.45],[0.57 0.43],[0.46 0.54],[0.62 0.38],[0.47 0.53],[0.46 0.54],[0.43 0.57]
1179,[0.49 0.51],[0.6 0.4],[0.49 0.51],[0.49 0.51],[0.38 0.62],[0.63 0.37],[0.66 0.34],[0.7 0.3],,[0.46 0.54],[0.86 0.14],[0.48 0.52],[0.46 0.54],[0.6 0.4],[0.59 0.41],[0.54 0.46],[0.65 0.35],[0.45 0.55],[0.5 0.5],[0.34 0.66],[0.29 0.71],[0.45 0.55],[0.5 0.5],[0.58 0.42],[0.49 0.51],[0.41 0.59],[0.37 0.63],[0.46 0.54],[0.47 0.53],[0.44 0.56],[0.47 0.53],[0.58 0.42],[0.41 0.59],[0.37 0.63],[0.46 0.54],[0.37 0.63],[0.63 0.37],[0.47 0.53],[0.64 0.36],[0.52 0.48],[0.18 0.82],[0.53 0.47],[0.43 0.57],[0.46 0.54],[0.53 0.47],[0.58 0.42],[0.52 0.48],[0.19 0.81],[0.46 0.54],[0.38 0.62],[0.34 0.66],[0.32 0.68],[0.47 0.53],[0.54 0.46],[0.54 0.46],[0.35 0.65],[0.44 0.56],[0.33 0.67],[0.38 0.62],[0.62 0.38],[0.48 0.52],[0.5 0.5],[0.48 0.52],[0.53 0.47]
1182,[0.5 0.5],[0.6 0.4],[0.49 0.51],[0.59 0.41],[0.49 0.51],[0.45 0.55],[0.65 0.35],[0.4 0.6],[0.54 0.46],,[0.63 0.37],[0.44 0.56],[0.48 0.52],[0.6 0.4],[0.47 0.53],[0.36 0.64],[0.58 0.42],[0.41 0.59],[0.29 0.71],[0.4 0.6],[0.44 0.56],[0.32 0.68],[0.62 0.38],[0.48 0.52],[0.45 0.55],[0.58 0.42],[0.37 0.63],[0.51 0.49],[0.34 0.66],[0.4 0.6],[0.46 0.54],[0.56 0.44],[0.4 0.6],[0.45 0.55],[0.51 0.49],[0.33 0.67],[0.57 0.43],[0.56 0.44],[0.44 0.56],[0.54 0.46],[0.4 0.6],[0.29 0.71],[0.25 0.75],[0.58 0.42],[0.57 0.43],[0.55 0.45],[0.45 0.55],[0.48 0.52],[0.36 0.64],[0.56 0.44],[0.31 0.69],[0.31 0.69],[0.57 0.43],[0.63 0.37],[0.5 0.5],[0.63 0.37],[0.45 0.55],[0.6 0.4],[0.32 0.68],[0.51 0.49],[0.63 0.37],[0.59 0.41],[0.5 0.5],[0.5 0.5]
1412,[0.68 0.32],[0.39 0.61],[0.61 0.39],[0.41 0.59],[0.63 0.37],[0.58 0.42],[0.68 0.32],[0.65 0.35],[0.14 0.86],[0.37 0.63],,[0.42 0.58],[0.45 0.55],[0.68 0.32],[0.42 0.58],[0.32 0.68],[0.3 0.7],[0.47 0.53],[0.72 0.28],[0.36 0.64],[0.76 0.24],[0.75 0.25],[0.63 0.37],[0.44 0.56],[0.71 0.29],[0.48 0.52],[0.34 0.66],[0.38 0.62],[0.64 0.36],[0.4 0.6],[0.46 0.54],[0.6 0.4],[0.61 0.39],[0.78 0.22],[0.28 0.72],[0.33 0.67],[0.33 0.67],[0.59 0.41],[0.59 0.41],[0.63 0.37],[0.68 0.32],[0.29 0.71],[0.51 0.49],[0.47 0.53],[0.67 0.33],[0.55 0.45],[0.52 0.48],[0.34 0.66],[0.31 0.69],[0.47 0.53],[0.69 0.31],[0.35 0.65],[0.51 0.49],[0.6 0.4],[0.2 0.8],[0.48 0.52],[0.69 0.31],[0.3 0.7],[0.57 0.43],[0.56 0.44],[0.44 0.56],[0.56 0.44],[0.43 0.57],[0.59 0.41]
1463,[0.55 0.45],[0.43 0.57],[0.53 0.47],[0.31 0.69],[0.41 0.59],[0.64 0.36],[0.66 0.34],[0.59 0.41],[0.52 0.48],[0.56 0.44],[0.58 0.42],,[0.49 0.51],[0.84 0.16],[0.4 0.6],[0.65 0.35],[0.22 0.78],[0.46 0.54],[0.78 0.22],[0.67 0.33],[0.35 0.65],[0.45 0.55],[0.32 0.68],[0.65 0.35],[0.34 0.66],[0.79 0.21],[0.83 0.17],[0.79 0.21],[0.75 0.25],[0.83 0.17],[0.65 0.35],[0.39 0.61],[0.69 0.31],[0.52 0.48],[0.62 0.38],[0.91 0.09],[0.69 0.31],[0.71 0.29],[0.46 0.54],[0.57 0.43],[0.71 0.29],[0.85 0.15],[0.81 0.19],[0.75 0.25],[0.86 0.14],[0.77 0.23],[0.51 0.49],[0.24 0.76],[0.26 0.74],[0.82 0.18],[0.79 0.21],[0.34 0.66],[0.4 0.6],[0.6 0.4],[0.76 0.24],[0.68 0.32],[0.82 0.18],[0.76 0.24],[0.37 0.63],[0.85 0.15],[0.8 0.2],[0.59 0.41],[0.55 0.45],[0.57 0.43]
1287,[0.57 0.43],[0.47 0.53],[0.52 0.48],[0.42 0.58],[0.52 0.48],[0.45 0.55],[0.58 0.42],[0.52 0.48],[0.54 0.46],[0.52 0.48],[0.55 0.45],[0.51 0.49],,[0.56 0.44],[0.28 0.72],[0.41 0.59],[0.69 0.31],[0.75 0.25],[0.72 0.28],[0.66 0.34],[0.68 0.32],[0.65 0.35],[0.43 0.57],[0.64 0.36],[0.52 0.48],[0.58 0.42],[0.55 0.45],[0.52 0.48],[0.43 0.57],[0.57 0.43],[0.49 0.51],[0.54 0.46],[0.35 0.65],[0.73 0.27],[0.27 0.73],[0.6 0.4],[0.67 0.33],[0.47 0.53],[0.32 0.68],[0.52 0.48],[0.47 0.53],[0.45 0.55],[0.46 0.54],[0.53 0.47],[0.52 0.48],[0.43 0.57],[0.6 0.4],[0.63 0.37],[0.36 0.64],[0.49 0.51],[0.3 0.7],[0.5 0.5],[0.46 0.54],[0.68 0.32],[0.48 0.52],[0.45 0.55],[0.68 0.32],[0.69 0.31],[0.5 0.5],[0.44 0.56],[0.59 0.41],[0.4 0.6],[0.49 0.51],[0.53 0.47]
1355,[0.55 0.45],[0.4 0.6],[0.49 0.51],[0.38 0.62],[0.46 0.54],[0.61 0.39],[0.49 0.51],[0.54 0.46],[0.4 0.6],[0.4 0.6],[0.32 0.68],[0.16 0.84],[0.44 0.56],,[0.35 0.65],[0.64 0.36],[0.37 0.63],[0.41 0.59],[0.3 0.7],[0.68 0.32],[0.7 0.3],[0.24 0.76],[0.65 0.35],[0.41 0.59],[0.66 0.34],[0.68 0.32],[0.68 0.32],[0.49 0.51],[0.42 0.58],[0.46 0.54],[0.62 0.38],[0.4 0.6],[0.21 0.79],[0.76 0.24],[0.26 0.74],[0.76 0.24],[0.45 0.55],[0.31 0.69],[0.26 0.74],[0.3 0.7],[0.42 0.58],[0.44 0.56],[0.61 0.39],[0.53 0.47],[0.32 0.68],[0.73 0.27],[0.46 0.54],[0.71 0.29],[0.33 0.67],[0.71 0.29],[0.34 0.66],[0.33 0.67],[0.32 0.68],[0.68 0.32],[0.44 0.56],[0.65 0.35],[0.79 0.21],[0.66 0.34],[0.62 0.38],[0.74 0.26],[0.82 0.18],[0.27 0.73],[0.65 0.35],[0.42 0.58]
1391,[0.43 0.57],[0.47 0.53],[0.37 0.63],[0.46 0.54],[0.36 0.64],[0.5 0.5],[0.57 0.43],[0.47 0.53],[0.41 0.59],[0.53 0.47],[0.58 0.42],[0.6 0.4],[0.72 0.28],[0.65 0.35],,[0.48 0.52],[0.64 0.36],[0.65 0.35],[0.29 0.71],[0.47 0.53],[0.32 0.68],[0.59 0.41],[0.4 0.6],[0.49 0.51],[0.54 0.46],[0.59 0.41],[0.31 0.69],[0.69 0.31],[0.23 0.77],[0.47 0.53],[0.4 0.6],[0.42 0.58],[0.53 0.47],[0.45 0.55],[0.37 0.63],[0.7 0.3],[0.48 0.52],[0.6 0.4],[0.55 0.45],[0.49 0.51],[0.55 0.45],[0.48 0.52],[0.49 0.51],[0.46 0.54],[0.2 0.8],[0.49 0.51],[0.42 0.58],[0.88 0.12],[0.65 0.35],[0.74 0.26],[0.73 0.27],[0.58 0.42],[0.47 0.53],[0.66 0.34],[0.65 0.35],[0.48 0.52],[0.56 0.44],[0.38 0.62],[0.54 0.46],[0.29 0.71],[0.62 0.38],[0.43 0.57],[0.34 0.66],[0.51 0.49]
1314,[0.45 0.55],[0.61 0.39],[0.23 0.77],[0.56 0.44],[0.48 0.52],[0.6 0.4],[0.67 0.33],[0.51 0.49],[0.46 0.54],[0.64 0.36],[0.68 0.32],[0.35 0.65],[0.59 0.41],[0.36 0.64],[0.52 0.48],,[0.41 0.59],[0.59 0.41],[0.4 0.6],[0.46 0.54],[0.11 0.89],[0.38 0.62],[0.52 0.48],[0.36 0.64],[0.43 0.57],[0.56 0.44],[0.53 0.47],[0.53 0.47],[0.57 0.43],[0.56 0.44],[0.61 0.39],[0.44 0.56],[0.35 0.65],[0.31 0.69],[0.5 0.5],[0.4 0.6],[0.37 0.63],[0.61 0.39],[0.58 0.42],[0.61 0.39],[0.24 0.76],[0.47 0.53],[0.63 0.37],[0.52 0.48],[0.56 0.44],[0.64 0.36],[0.66 0.34],[0.38 0.62],[0.18 0.82],[0.62 0.38],[0.58 0.42],[0.54 0.46],[0.57 0.43],[0.75 0.25],[0.61 0.39],[0.37 0.63],[0.41 0.59],[0.82 0.18],[0.54 0.46],[0.53 0.47],[0.58 0.42],[0.44 0.56],[0.5 0.5],[0.7 0.3]
1112,[0.42 0.58],[0.54 0.46],[0.43 0.57],[0.79 0.21],[0.6 0.4],[0.79 0.21],[0.74 0.26],[0.31 0.69],[0.35 0.65],[0.42 0.58],[0.7 0.3],[0.78 0.22],[0.31 0.69],[0.63 0.37],[0.36 0.64],[0.59 0.41],,[0.35 0.65],[0.5 0.5],[0.74 0.26],[0.65 0.35],[0.4 0.6],[0.3 0.7],[0.65 0.35],[0.33 0.67],[0.37 0.63],[0.65 0.35],[0.73 0.27],[0.62 0.38],[0.54 0.46],[0.55 0.45],[0.19 0.81],[0.7 0.3],[0.59 0.41],[0.31 0.69],[0.34 0.66],[0.21 0.79],[0.72 0.28],[0.23 0.77],[0.8 0.2],[0.63 0.37],[0.36 0.64],[0.65 0.35],[0.48 0.52],[0.74 0.26],[0.61 0.39],[0.61 0.39],[0.57 0.43],[0.63 0.37],[0.62 0.38],[0.39 0.61],[0.46 0.54],[0.44 0.56],[0.46 0.54],[0.47 0.53],[0.32 0.68],[0.73 0.27],[0.76 0.24],[0.69 0.31],[0.78 0.22],[0.54 0.46],[0.4 0.6],[0.51 0.49],[0.65 0.35]
1124,[0.88 0.12],[0.51 0.49],[0.81 0.19],[0.24 0.76],[0.41 0.59],[0.25 0.75],[0.37 0.63],[0.63 0.37],[0.55 0.45],[0.59 0.41],[0.53 0.47],[0.54 0.46],[0.25 0.75],[0.59 0.41],[0.35 0.65],[0.41 0.59],[0.65 0.35],,[0.45 0.55],[0.45 0.55],[0.51 0.49],[0.49 0.51],[0.33 0.67],[0.18 0.82],[0.31 0.69],[0.65 0.35],[0.62 0.38],[0.49 0.51],[0.39 0.61],[0.57 0.43],[0.59 0.41],[0.31 0.69],[0.64 0.36],[0.56 0.44],[0.55 0.45],[0.4 0.6],[0.62 0.38],[0.61 0.39],[0.7 0.3],[0.35 0.65],[0.22 0.78],[0.73 0.27],[0.42 0.58],[0.47 0.53],[0.54 0.46],[0.6 0.4],[0.5 0.5],[0.19 0.81],[0.17 0.83],[0.53 0.47],[0.4 0.6],[0.61 0.39],[0.55 0.45],[0.51 0.49],[0.24 0.76],[0.68 0.32],[0.65 0.35],[0.31 0.69],[0.63 0.37],[0.49 0.51],[0.54 0.46],[0.51 0.49],[0.5 0.5],[0.71 0.29]
1104,[0.7 0.3],[0.71 0.29],[0.16 0.84],[0.7 0.3],[0.46 0.54],[0.77 0.23],[0.73 0.27],[0.7 0.3],[0.5 0.5],[0.71 0.29],[0.28 0.72],[0.22 0.78],[0.28 0.72],[0.7 0.3],[0.71 0.29],[0.6 0.4],[0.5 0.5],[0.55 0.45],,[0.45 0.55],[0.84 0.16],[0.39 0.61],[0.21 0.79],[0.68 0.32],[0.64 0.36],[0.31 0.69],[0.54 0.46],[0.69 0.31],[0.51 0.49],[0.63 0.37],[0.52 0.48],[0.36 0.64],[0.84 0.16],[0.09 0.91],[0.69 0.31],[0.56 0.44],[0.54 0.46],[0.33 0.67],[0.63 0.37],[0.67 0.33],[0.59 0.41],[0.26 0.74],[0.5 0.5],[0.7 0.3],[0.6 0.4],[0.52 0.48],[0.54 0.46],[0.58 0.42],[0.66 0.34],[0.54 0.46],[0.65 0.35],[0.71 0.29],[0.63 0.37],[0.48 0.52],[0.24 0.76],[0.27 0.73],[0.61 0.39],[0.64 0.36],[0.63 0.37],[0.48 0.52],[0.7 0.3],[0.68 0.32],[0.56 0.44],[0.54 0.46]
1388,[0.38 0.62],[0.38 0.62],[0.63 0.37],[0.45 0.55],[0.41 0.59],[0.66 0.34],[0.34 0.66],[0.45 0.55],[0.66 0.34],[0.6 0.4],[0.64 0.36],[0.33 0.67],[0.34 0.66],[0.32 0.68],[0.53 0.47],[0.54 0.46],[0.26 0.74],[0.55 0.45],[0.55 0.45],,[0.66 0.34],[0.38 0.62],[0.36 0.64],[0.57 0.43],[0.4 0.6],[0.49 0.51],[0.65 0.35],[0.49 0.51],[0.4 0.6],[0.44 0.56],[0.64 0.36],[0.41 0.59],[0.53 0.47],[0.38 0.62],[0.24 0.76],[0.9 0.1],[0.5 0.5],[0.57 0.43],[0.61 0.39],[0.63 0.37],[0.68 0.32],[0.46 0.54],[0.4 0.6],[0.5 0.5],[0.49 0.51],[0.66 0.34],[0.62 0.38],[0.32 0.68],[0.32 0.68],[0.35 0.65],[0.29 0.71],[0.59 0.41],[0.47 0.53],[0.69 0.31],[0.35 0.65],[0.47 0.53],[0.27 0.73],[0.63 0.37],[0.6 0.4],[0.67 0.33],[0.5 0.5],[0.57 0.43],[0.68 0.32],[0.44 0.56]
1155,[0.72 0.28],[0.42 0.58],[0.5 0.5],[0.82 0.18],[0.6 0.4],[0.81 0.19],[0.66 0.34],[0.84 0.16],[0.71 0.29],[0.56 0.44],[0.24 0.76],[0.65 0.35],[0.32 0.68],[0.3 0.7],[0.68 0.32],[0.89 0.11],[0.35 0.65],[0.49 0.51],[0.16 0.84],[0.34 0.66],,[0.52 0.48],[0.31 0.69],[0.36 0.64],[0.76 0.24],[0.51 0.49],[0.5 0.5],[0.62 0.38],[0.5 0.5],[0.49 0.51],[0.63 0.37],[0.33 0.67],[0.76 0.24],[0.41 0.59],[0.64 0.36],[0.48 0.52],[0.29 0.71],[0.66 0.34],[0.68 0.32],[0.43 0.57],[0.36 0.64],[0.4 0.6],[0.45 0.55],[0.45 0.55],[0.54 0.46],[0.58 0.42],[0.53 0.47],[0.51 0.49],[0.67 0.33],[0.68 0.32],[0.35 0.65],[0.73 0.27],[0.61 0.39],[0.66 0.34],[0.7 0.3],[0.7 0.3],[0.51 0.49],[0.95 0.05],[0.53 0.47],[0.71 0.29],[0.55 0.45],[0.49 0.51],[0.5 0.5],[0.74 0.26]
1173,[0.45 0.55],[0.39 0.61],[0.43 0.57],[0.27 0.73],[0.61 0.39],[0.33 0.67],[0.43 0.57],[0.72 0.28],[0.55 0.45],[0.68 0.32],[0.25 0.75],[0.55 0.45],[0.35 0.65],[0.76 0.24],[0.41 0.59],[0.62 0.38],[0.6 0.4],[0.51 0.49],[0.61 0.39],[0.62 0.38],[0.48 0.52],,[0.57 0.43],[0.62 0.38],[0.31 0.69],[0.37 0.63],[0.41 0.59],[0.55 0.45],[0.38 0.62],[0.54 0.46],[0.54 0.46],[0.71 0.29],[0.72 0.28],[0.53 0.47],[0.28 0.72],[0.47 0.53],[0.35 0.65],[0.59 0.41],[0.63 0.37],[0.52 0.48],[0.35 0.65],[0.62 0.38],[0.34 0.66],[0.6 0.4],[0.53 0.47],[0.59 0.41],[0.52 0.48],[0.6 0.4],[0.32 0.68],[0.31 0.69],[0.34 0.66],[0.69 0.31],[0.42 0.58],[0.65 0.35],[0.59 0.41],[0.64 0.36],[0.43 0.57],[0.67 0.33],[0.42 0.58],[0.72 0.28],[0.45 0.55],[0.64 0.36],[0.5 0.5],[0.64 0.36]
1280,[0.53 0.47],[0.42 0.58],[0.87 0.13],[0.42 0.58],[0.53 0.47],[0.59 0.41],[0.57 0.43],[0.82 0.18],[0.5 0.5],[0.38 0.62],[0.37 0.63],[0.68 0.32],[0.57 0.43],[0.35 0.65],[0.6 0.4],[0.48 0.52],[0.7 0.3],[0.67 0.33],[0.79 0.21],[0.64 0.36],[0.69 0.31],[0.43 0.57],,[0.47 0.53],[0.19 0.81],[0.44 0.56],[0.55 0.45],[0.62 0.38],[0.52 0.48],[0.54 0.46],[0.59 0.41],[0.38 0.62],[0.18 0.82],[0.3 0.7],[0.29 0.71],[0.23 0.77],[0.06 0.94],[0.56 0.44],[0.57 0.43],[0.41 0.59],[0.48 0.52],[0.43 0.57],[0.61 0.39],[0.42 0.58],[0.7 0.3],[0.73 0.27],[0.69 0.31],[0.55 0.45],[0.22 0.78],[0.73 0.27],[0.29 0.71],[0.41 0.59],[0.56 0.44],[0.18 0.82],[0.31 0.69],[0.15 0.85],[0.48 0.52],[0.38 0.62],[0.39 0.61],[0.52 0.48],[0.61 0.39],[0.51 0.49],[0.51 0.49],[0.56 0.44]
1277,[0.54 0.46],[0.45 0.55],[0.39 0.61],[0.48 0.52],[0.6 0.4],[0.28 0.72],[0.55 0.45],[0.58 0.42],[0.42 0.58],[0.52 0.48],[0.56 0.44],[0.35 0.65],[0.36 0.64],[0.59 0.41],[0.51 0.49],[0.64 0.36],[0.35 0.65],[0.82 0.18],[0.32 0.68],[0.43 0.57],[0.64 0.36],[0.38 0.62],[0.53 0.47],,[0.47 0.53],[0.51 0.49],[0.37 0.63],[0.42 0.58],[0.41 0.59],[0.47 0.53],[0.48 0.52],[0.36 0.64],[0.55 0.45],[0.55 0.45],[0.42 0.58],[0.71 0.29],[0.31 0.69],[0.59 0.41],[0.34 0.66],[0.52 0.48],[0.55 0.45],[0.36 0.64],[0.53 0.47],[0.39 0.61],[0.51 0.49],[0.49 0.51],[0.5 0.5],[0.34 0.66],[0.17 0.83],[0.4 0.6],[0.81 0.19],[0.45 0.55],[0.56 0.44],[0.64 0.36],[0.19 0.81],[0.49 0.51],[0.38 0.62],[0.48 0.52],[0.15 0.85],[0.39 0.61],[0.52 0.48],[0.53 0.47],[0.44 0.56],[0.7 0.3]
1305,[0.65 0.35],[0.45 0.55],[0.72 0.28],[0.65 0.35],[0.7 0.3],[0.74 0.26],[0.73 0.27],[0.71 0.29],[0.51 0.49],[0.55 0.45],[0.29 0.71],[0.66 0.34],[0.48 0.52],[0.34 0.66],[0.46 0.54],[0.57 0.43],[0.67 0.33],[0.69 0.31],[0.36 0.64],[0.6 0.4],[0.24 0.76],[0.69 0.31],[0.81 0.19],[0.53 0.47],,[0.28 0.72],[0.4 0.6],[0.56 0.44],[0.45 0.55],[0.42 0.58],[0.48 0.52],[0.67 0.33],[0.43 0.57],[0.71 0.29],[0.62 0.38],[0.23 0.77],[0.57 0.43],[0.51 0.49],[0.55 0.45],[0.58 0.42],[0.56 0.44],[0.41 0.59],[0.33 0.67],[0.4 0.6],[0.5 0.5],[0.61 0.39],[0.48 0.52],[0.19 0.81],[0.55 0.45],[0.45 0.55],[0.56 0.44],[0.78 0.22],[0.43 0.57],[0.68 0.32],[0.36 0.64],[0.74 0.26],[0.58 0.42],[0.45 0.55],[0.4 0.6],[0.43 0.57],[0.49 0.51],[0.43 0.57],[0.49 0.51],[0.64 0.36]
1307,[0.48 0.52],[0.42 0.58],[0.68 0.32],[0.71 0.29],[0.24 0.76],[0.2 0.8],[0.41 0.59],[0.52 0.48],[0.59 0.41],[0.42 0.58],[0.52 0.48],[0.21 0.79],[0.42 0.58],[0.32 0.68],[0.41 0.59],[0.44 0.56],[0.63 0.37],[0.35 0.65],[0.69 0.31],[0.51 0.49],[0.49 0.51],[0.63 0.37],[0.56 0.44],[0.49 0.51],[0.72 0.28],,[0.64 0.36],[0.61 0.39],[0.47 0.53],[0.46 0.54],[0.54 0.46],[0.62 0.38],[0.73 0.27],[0.42 0.58],[0.32 0.68],[0.6 0.4],[0.5 0.5],[0.61 0.39],[0.52 0.48],[0.6 0.4],[0.88 0.12],[0.45 0.55],[0.48 0.52],[0.47 0.53],[0.51 0.49],[0.68 0.32],[0.5 0.5],[0.65 0.35],[0.35 0.65],[0.67 0.33],[0.62 0.38],[0.71 0.29],[0.39 0.61],[0.56 0.44],[0.46 0.54],[0.26 0.74],[0.38 0.62],[0.45 0.55],[0.5 0.5],[0.55 0.45],[0.62 0.38],[0.49 0.51],[0.48 0.52],[0.47 0.53]
1213,[0.48 0.52],[0.53 0.47],[0.39 0.61],[0.48 0.52],[0.41 0.59],[0.6 0.4],[0.56 0.44],[0.34 0.66],[0.63 0.37],[0.63 0.37],[0.66 0.34],[0.17 0.83],[0.45 0.55],[0.32 0.68],[0.69 0.31],[0.47 0.53],[0.35 0.65],[0.38 0.62],[0.46 0.54],[0.35 0.65],[0.5 0.5],[0.59 0.41],[0.45 0.55],[0.63 0.37],[0.6 0.4],[0.36 0.64],,[0.5 0.5],[0.5 0.5],[0.44 0.56],[0.55 0.45],[0.49 0.51],[0.61 0.39],[0.42 0.58],[0.5 0.5],[0.32 0.68],[0.12 0.88],[0.53 0.47],[0.36 0.64],[0.41 0.59],[0.44 0.56],[0.5 0.5],[0.33 0.67],[0.42 0.58],[0.57 0.43],[0.58 0.42],[0.65 0.35],[0.28 0.72],[0.3 0.7],[0.47 0.53],[0.31 0.69],[0.32 0.68],[0.49 0.51],[0.56 0.44],[0.32 0.68],[0.66 0.34],[0.41 0.59],[0.48 0.52],[0.54 0.46],[0.63 0.37],[0.62 0.38],[0.36 0.64],[0.47 0.53],[0.53 0.47]
1158,[0.63 0.37],[0.57 0.43],[0.44 0.56],[0.42 0.58],[0.55 0.45],[0.48 0.52],[0.51 0.49],[0.41 0.59],[0.54 0.46],[0.49 0.51],[0.62 0.38],[0.21 0.79],[0.48 0.52],[0.51 0.49],[0.31 0.69],[0.47 0.53],[0.27 0.73],[0.51 0.49],[0.31 0.69],[0.51 0.49],[0.38 0.62],[0.45 0.55],[0.38 0.62],[0.58 0.42],[0.44 0.56],[0.39 0.61],[0.5 0.5],,[0.49 0.51],[0.45 0.55],[0.47 0.53],[0.68 0.32],[0.38 0.62],[0.63 0.37],[0.38 0.62],[0.51 0.49],[0.36 0.64],[0.67 0.33],[0.43 0.57],[0.62 0.38],[0.54 0.46],[0.3 0.7],[0.35 0.65],[0.76 0.24],[0.32 0.68],[0.43 0.57],[0.47 0.53],[0.23 0.77],[0.37 0.63],[0.59 0.41],[0.32 0.68],[0.82 0.18],[0.55 0.45],[0.76 0.24],[0.38 0.62],[0.75 0.25],[0.35 0.65],[0.44 0.56],[0.54 0.46],[0.86 0.14],[0.74 0.26],[0.39 0.61],[0.47 0.53],[0.55 0.45]
1159,[0.68 0.32],[0.51 0.49],[0.48 0.52],[0.44 0.56],[0.61 0.39],[0.58 0.42],[0.52 0.48],[0.6 0.4],[0.53 0.47],[0.66 0.34],[0.36 0.64],[0.25 0.75],[0.57 0.43],[0.58 0.42],[0.77 0.23],[0.43 0.57],[0.38 0.62],[0.61 0.39],[0.49 0.51],[0.6 0.4],[0.5 0.5],[0.62 0.38],[0.48 0.52],[0.59 0.41],[0.55 0.45],[0.53 0.47],[0.5 0.5],[0.51 0.49],,[0.4 0.6],[0.48 0.52],[0.53 0.47],[0.61 0.39],[0.42 0.58],[0.27 0.73],[0.36 0.64],[0.43 0.57],[0.63 0.37],[0.27 0.73],[0.63 0.37],[0.44 0.56],[0.41 0.59],[0.4 0.6],[0.64 0.36],[0.61 0.39],[0.35 0.65],[0.5 0.5],[0.37 0.63],[0.39 0.61],[0.6 0.4],[0.28 0.72],[0.44 0.56],[0.61 0.39],[0.69 0.31],[0.46 0.54],[0.66 0.34],[0.47 0.53],[0.6 0.4],[0.5 0.5],[0.42 0.58],[0.51 0.49],[0.38 0.62],[0.65 0.35],[0.55 0.45]
1253,[0.5 0.5],[0.45 0.55],[0.4 0.6],[0.41 0.59],[0.47 0.53],[0.46 0.54],[0.54 0.46],[0.49 0.51],[0.56 0.44],[0.6 0.4],[0.6 0.4],[0.17 0.83],[0.43 0.57],[0.54 0.46],[0.53 0.47],[0.44 0.56],[0.46 0.54],[0.43 0.57],[0.37 0.63],[0.56 0.44],[0.51 0.49],[0.46 0.54],[0.46 0.54],[0.53 0.47],[0.58 0.42],[0.54 0.46],[0.56 0.44],[0.55 0.45],[0.6 0.4],,[0.63 0.37],[0.63 0.37],[0.71 0.29],[0.48 0.52],[0.5 0.5],[0.33 0.67],[0.59 0.41],[0.3 0.7],[0.72 0.28],[0.39 0.61],[0.57 0.43],[0.54 0.46],[0.43 0.57],[0.43 0.57],[0.35 0.65],[0.43 0.57],[0.49 0.51],[0.22 0.78],[0.45 0.55],[0.39 0.61],[0.5 0.5],[0.66 0.34],[0.61 0.39],[0.57 0.43],[0.45 0.55],[0.73 0.27],[0.52 0.48],[0.41 0.59],[0.42 0.58],[0.77 0.23],[0.62 0.38],[0.59 0.41],[0.51 0.49],[0.46 0.54]
1447,[0.41 0.59],[0.36 0.64],[0.44 0.56],[0.39 0.61],[0.43 0.57],[0.46 0.54],[0.51 0.49],[0.42 0.58],[0.53 0.47],[0.54 0.46],[0.54 0.46],[0.35 0.65],[0.51 0.49],[0.38 0.62],[0.6 0.4],[0.39 0.61],[0.45 0.55],[0.41 0.59],[0.48 0.52],[0.36 0.64],[0.37 0.63],[0.46 0.54],[0.41 0.59],[0.52 0.48],[0.52 0.48],[0.46 0.54],[0.45 0.55],[0.53 0.47],[0.52 0.48],[0.37 0.63],,[0.72 0.28],[0.61 0.39],[0.48 0.52],[0.26 0.74],[0.6 0.4],[0.65 0.35],[0.5 0.5],[0.56 0.44],[0.42 0.58],[0.49 0.51],[0.35 0.65],[0.32 0.68],[0.45 0.55],[0.66 0.34],[0.56 0.44],[0.45 0.55],[0.32 0.68],[0.35 0.65],[0.42 0.58],[0.66 0.34],[0.55 0.45],[0.7 0.3],[0.8 0.2],[0.43 0.57],[0.68 0.32],[0.66 0.34],[0.46 0.54],[0.5 0.5],[0.49 0.51],[0.73 0.27],[0.49 0.51],[0.74 0.26],[0.46 0.54]
1345,[0.44 0.56],[0.51 0.49],[0.35 0.65],[0.49 0.51],[0.3 0.7],[0.31 0.69],[0.59 0.41],[0.66 0.34],[0.42 0.58],[0.44 0.56],[0.4 0.6],[0.61 0.39],[0.46 0.54],[0.6 0.4],[0.58 0.42],[0.56 0.44],[0.81 0.19],[0.69 0.31],[0.64 0.36],[0.59 0.41],[0.67 0.33],[0.29 0.71],[0.62 0.38],[0.64 0.36],[0.33 0.67],[0.38 0.62],[0.51 0.49],[0.32 0.68],[0.47 0.53],[0.37 0.63],[0.28 0.72],,[0.57 0.43],[0.68 0.32],[0.68 0.32],[0.71 0.29],[0.54 0.46],[0.7 0.3],[0.59 0.41],[0.52 0.48],[0.34 0.66],[0.43 0.57],[0.6 0.4],[0.51 0.49],[0.53 0.47],[0.61 0.39],[0.6 0.4],[0.41 0.59],[0.33 0.67],[0.56 0.44],[0.57 0.43],[0.91 0.09],[0.67 0.33],[0.74 0.26],[0.4 0.6],[0.48 0.52],[0.43 0.57],[0.45 0.55],[0.56 0.44],[0.5 0.5],[0.59 0.41],[0.53 0.47],[0.59 0.41],[0.58 0.42]
1397,[0.46 0.54],[0.16 0.84],[0.9 0.1],[0.53 0.47],[0.64 0.36],[0.26 0.74],[0.67 0.33],[0.38 0.62],[0.59 0.41],[0.6 0.4],[0.39 0.61],[0.31 0.69],[0.65 0.35],[0.79 0.21],[0.47 0.53],[0.65 0.35],[0.3 0.7],[0.36 0.64],[0.16 0.84],[0.47 0.53],[0.24 0.76],[0.28 0.72],[0.82 0.18],[0.45 0.55],[0.57 0.43],[0.27 0.73],[0.39 0.61],[0.62 0.38],[0.39 0.61],[0.29 0.71],[0.39 0.61],[0.43 0.57],,[0.3 0.7],[0.42 0.58],[0.68 0.32],[0.31 0.69],[0.59 0.41],[0.54 0.46],[0.52 0.48],[0.55 0.45],[0.37 0.63],[0.49 0.51],[0.48 0.52],[0.53 0.47],[0.59 0.41],[0.51 0.49],[0.39 0.61],[0.3 0.7],[0.16 0.84],[0.4 0.6],[0.66 0.34],[0.56 0.44],[0.66 0.34],[0.34 0.66],[0.48 0.52],[0.32 0.68],[0.46 0.54],[0.49 0.51],[0.6 0.4],[0.66 0.34],[0.49 0.51],[0.5 0.5],[0.61 0.39]
1166,[0.73 0.27],[0.62 0.38],[0.38 0.62],[0.8 0.2],[0.45 0.55],[0.24 0.76],[0.53 0.47],[0.74 0.26],[0.63 0.37],[0.55 0.45],[0.22 0.78],[0.48 0.52],[0.27 0.73],[0.24 0.76],[0.55 0.45],[0.69 0.31],[0.41 0.59],[0.44 0.56],[0.91 0.09],[0.62 0.38],[0.59 0.41],[0.47 0.53],[0.7 0.3],[0.45 0.55],[0.29 0.71],[0.58 0.42],[0.58 0.42],[0.37 0.63],[0.58 0.42],[0.52 0.48],[0.52 0.48],[0.32 0.68],[0.7 0.3],,[0.26 0.74],[0.41 0.59],[0.29 0.71],[0.68 0.32],[0.23 0.77],[0.68 0.32],[0.19 0.81],[0.72 0.28],[0.5 0.5],[0.56 0.44],[0.5 0.5],[0.61 0.39],[0.65 0.35],[0.43 0.57],[0.49 0.51],[0.56 0.44],[0.46 0.54],[0.61 0.39],[0.65 0.35],[0.7 0.3],[0.36 0.64],[0.64 0.36],[0.57 0.43],[0.51 0.49],[0.44 0.56],[0.7 0.3],[0.63 0.37],[0.65 0.35],[0.52 0.48],[0.91 0.09]
1242,[0.47 0.53],[0.68 0.32],[0.44 0.56],[0.75 0.25],[0.68 0.32],[0.66 0.34],[0.76 0.24],[0.71 0.29],[0.54 0.46],[0.49 0.51],[0.72 0.28],[0.38 0.62],[0.73 0.27],[0.74 0.26],[0.63 0.37],[0.5 0.5],[0.69 0.31],[0.45 0.55],[0.31 0.69],[0.76 0.24],[0.36 0.64],[0.72 0.28],[0.71 0.29],[0.58 0.42],[0.38 0.62],[0.68 0.32],[0.5 0.5],[0.62 0.38],[0.73 0.27],[0.5 0.5],[0.74 0.26],[0.32 0.68],[0.58 0.42],[0.74 0.26],,[0.52 0.48],[0.36 0.64],[0.64 0.36],[0.58 0.42],[0.65 0.35],[0.5 0.5],[0.55 0.45],[0.5 0.5],[0.46 0.54],[0.54 0.46],[0.58 0.42],[0.47 0.53],[0.12 0.88],[0.1 0.9],[0.48 0.52],[0.51 0.49],[0.55 0.45],[0.51 0.49],[0.55 0.45],[0.38 0.62],[0.57 0.43],[0.33 0.67],[0.48 0.52],[0.51 0.49],[0.64 0.36],[0.56 0.44],[0.56 0.44],[0.52 0.48],[0.87 0.13]
1211,[0.62 0.38],[0.51 0.49],[0.46 0.54],[0.36 0.64],[0.54 0.46],[0.19 0.81],[0.69 0.31],[0.72 0.28],[0.63 0.37],[0.67 0.33],[0.67 0.33],[0.09 0.91],[0.4 0.6],[0.24 0.76],[0.3 0.7],[0.6 0.4],[0.66 0.34],[0.6 0.4],[0.44 0.56],[0.1 0.9],[0.52 0.48],[0.53 0.47],[0.77 0.23],[0.29 0.71],[0.77 0.23],[0.4 0.6],[0.68 0.32],[0.49 0.51],[0.64 0.36],[0.67 0.33],[0.4 0.6],[0.29 0.71],[0.32 0.68],[0.59 0.41],[0.48 0.52],,[0.54 0.46],[0.64 0.36],[0.33 0.67],[0.48 0.52],[0.52 0.48],[0.37 0.63],[0.57 0.43],[0.53 0.47],[0.55 0.45],[0.58 0.42],[0.52 0.48],[0.52 0.48],[0.66 0.34],[0.39 0.61],[0.62 0.38],[0.68 0.32],[0.4 0.6],[0.53 0.47],[0.41 0.59],[0.31 0.69],[0.5 0.5],[0.37 0.63],[0.58 0.42],[0.46 0.54],[0.62 0.38],[0.42 0.58],[0.5 0.5],[0.64 0.36]
1376,[0.37 0.63],[0.44 0.56],[0.75 0.25],[0.61 0.39],[0.34 0.66],[0.71 0.29],[0.33 0.67],[0.66 0.34],[0.37 0.63],[0.43 0.57],[0.67 0.33],[0.31 0.69],[0.33 0.67],[0.55 0.45],[0.52 0.48],[0.63 0.37],[0.79 0.21],[0.38 0.62],[0.46 0.54],[0.5 0.5],[0.71 0.29],[0.65 0.35],[0.94 0.06],[0.69 0.31],[0.43 0.57],[0.5 0.5],[0.88 0.12],[0.64 0.36],[0.57 0.43],[0.41 0.59],[0.35 0.65],[0.46 0.54],[0.69 0.31],[0.71 0.29],[0.64 0.36],[0.46 0.54],,[0.62 0.38],[0.57 0.43],[0.56 0.44],[0.64 0.36],[0.55 0.45],[0.48 0.52],[0.41 0.59],[0.52 0.48],[0.54 0.46],[0.55 0.45],[0.3 0.7],[0.73 0.27],[0.43 0.57],[0.56 0.44],[0.46 0.54],[0.47 0.53],[0.82 0.18],[0.4 0.6],[0.57 0.43],[0.27 0.73],[0.42 0.58],[0.56 0.44],[0.45 0.55],[0.51 0.49],[0.65 0.35],[0.6 0.4],[0.72 0.28]
1400,[0.49 0.51],[0.51 0.49],[0.47 0.53],[0.5 0.5],[0.43 0.57],[0.44 0.56],[0.45 0.55],[0.44 0.56],[0.53 0.47],[0.44 0.56],[0.41 0.59],[0.29 0.71],[0.53 0.47],[0.69 0.31],[0.4 0.6],[0.39 0.61],[0.28 0.72],[0.39 0.61],[0.67 0.33],[0.43 0.57],[0.34 0.66],[0.41 0.59],[0.44 0.56],[0.41 0.59],[0.49 0.51],[0.39 0.61],[0.47 0.53],[0.33 0.67],[0.37 0.63],[0.7 0.3],[0.5 0.5],[0.3 0.7],[0.41 0.59],[0.32 0.68],[0.36 0.64],[0.36 0.64],[0.38 0.62],,[0.27 0.73],[0.58 0.42],[0.28 0.72],[0.32 0.68],[0.38 0.62],[0.4 0.6],[0.5 0.5],[0.57 0.43],[0.51 0.49],[0.19 0.81],[0.9 0.1],[0.38 0.62],[0.69 0.31],[0.7 0.3],[0.84 0.16],[0.77 0.23],[0.65 0.35],[0.4 0.6],[0.43 0.57],[0.64 0.36],[0.53 0.47],[0.48 0.52],[0.6 0.4],[0.55 0.45],[0.5 0.5],[0.54 0.46]
1429,[0.37 0.63],[0.35 0.65],[0.67 0.33],[0.68 0.32],[0.33 0.67],[0.48 0.52],[0.31 0.69],[0.44 0.56],[0.36 0.64],[0.56 0.44],[0.41 0.59],[0.54 0.46],[0.68 0.32],[0.74 0.26],[0.45 0.55],[0.42 0.58],[0.77 0.23],[0.3 0.7],[0.37 0.63],[0.39 0.61],[0.32 0.68],[0.37 0.63],[0.43 0.57],[0.66 0.34],[0.45 0.55],[0.48 0.52],[0.64 0.36],[0.57 0.43],[0.73 0.27],[0.28 0.72],[0.44 0.56],[0.41 0.59],[0.46 0.54],[0.77 0.23],[0.42 0.58],[0.67 0.33],[0.43 0.57],[0.73 0.27],,[0.51 0.49],[0.12 0.88],[0.26 0.74],[0.37 0.63],[0.58 0.42],[0.51 0.49],[0.58 0.42],[0.54 0.46],[0.21 0.79],[0.28 0.72],[0.38 0.62],[0.69 0.31],[0.68 0.32],[0.42 0.58],[0.51 0.49],[0.65 0.35],[0.5 0.5],[0.8 0.2],[0.32 0.68],[0.35 0.65],[0.56 0.44],[0.64 0.36],[0.5 0.5],[0.63 0.37],[0.44 0.56]
1395,[0.54 0.46],[0.48 0.52],[0.31 0.69],[0.58 0.42],[0.27 0.73],[0.41 0.59],[0.46 0.54],[0.64 0.36],[0.48 0.52],[0.46 0.54],[0.37 0.63],[0.43 0.57],[0.48 0.52],[0.7 0.3],[0.51 0.49],[0.39 0.61],[0.2 0.8],[0.65 0.35],[0.33 0.67],[0.37 0.63],[0.57 0.43],[0.48 0.52],[0.59 0.41],[0.48 0.52],[0.42 0.58],[0.4 0.6],[0.59 0.41],[0.38 0.62],[0.37 0.63],[0.61 0.39],[0.58 0.42],[0.48 0.52],[0.48 0.52],[0.32 0.68],[0.35 0.65],[0.52 0.48],[0.44 0.56],[0.42 0.58],[0.49 0.51],,[0.24 0.76],[0.31 0.69],[0.55 0.45],[0.42 0.58],[0.45 0.55],[0.55 0.45],[0.52 0.48],[0.72 0.28],[0.69 0.31],[0.68 0.32],[0.26 0.74],[0.31 0.69],[0.26 0.74],[0.47 0.53],[0.56 0.44],[0.43 0.57],[0.2 0.8],[0.4 0.6],[0.52 0.48],[0.5 0.5],[0.58 0.42],[0.32 0.68],[0.44 0.56],[0.45 0.55]
1161,[0.38 0.62],[0.69 0.31],[0.47 0.53],[0.9 0.1],[0.54 0.46],[0.74 0.26],[0.67 0.33],[0.77 0.23],[0.82 0.18],[0.6 0.4],[0.32 0.68],[0.29 0.71],[0.53 0.47],[0.58 0.42],[0.45 0.55],[0.76 0.24],[0.37 0.63],[0.78 0.22],[0.41 0.59],[0.32 0.68],[0.64 0.36],[0.65 0.35],[0.52 0.48],[0.45 0.55],[0.44 0.56],[0.12 0.88],[0.56 0.44],[0.46 0.54],[0.56 0.44],[0.43 0.57],[0.51 0.49],[0.66 0.34],[0.45 0.55],[0.81 0.19],[0.5 0.5],[0.48 0.52],[0.36 0.64],[0.72 0.28],[0.88 0.12],[0.76 0.24],,[0.24 0.76],[0.5 0.5],[0.42 0.58],[0.64 0.36],[0.56 0.44],[0.54 0.46],[0.44 0.56],[0.22 0.78],[0.71 0.29],[0.3 0.7],[0.64 0.36],[0.55 0.45],[0.57 0.43],[0.39 0.61],[0.57 0.43],[0.42 0.58],[0.7 0.3],[0.53 0.47],[0.6 0.4],[0.55 0.45],[0.64 0.36],[0.61 0.39],[0.73 0.27]
1332,[0.62 0.38],[0.42 0.58],[0.69 0.31],[0.69 0.31],[0.54 0.46],[0.84 0.16],[0.69 0.31],[0.48 0.52],[0.47 0.53],[0.71 0.29],[0.71 0.29],[0.15 0.85],[0.55 0.45],[0.56 0.44],[0.52 0.48],[0.53 0.47],[0.64 0.36],[0.27 0.73],[0.74 0.26],[0.54 0.46],[0.6 0.4],[0.38 0.62],[0.57 0.43],[0.64 0.36],[0.59 0.41],[0.55 0.45],[0.5 0.5],[0.7 0.3],[0.59 0.41],[0.46 0.54],[0.65 0.35],[0.57 0.43],[0.63 0.37],[0.28 0.72],[0.45 0.55],[0.63 0.37],[0.45 0.55],[0.68 0.32],[0.74 0.26],[0.69 0.31],[0.76 0.24],,[0.51 0.49],[0.45 0.55],[0.59 0.41],[0.54 0.46],[0.51 0.49],[0.18 0.82],[0.33 0.67],[0.45 0.55],[0.24 0.76],[0.82 0.18],[0.68 0.32],[0.78 0.22],[0.51 0.49],[0.7 0.3],[0.18 0.82],[0.49 0.51],[0.48 0.52],[0.56 0.44],[0.5 0.5],[0.48 0.52],[0.54 0.46],[0.56 0.44]
1270,[0.64 0.36],[0.55 0.45],[0.5 0.5],[0.54 0.46],[0.56 0.44],[0.35 0.65],[0.55 0.45],[0.62 0.38],[0.57 0.43],[0.75 0.25],[0.49 0.51],[0.19 0.81],[0.54 0.46],[0.39 0.61],[0.51 0.49],[0.37 0.63],[0.35 0.65],[0.58 0.42],[0.5 0.5],[0.6 0.4],[0.55 0.45],[0.66 0.34],[0.39 0.61],[0.47 0.53],[0.67 0.33],[0.52 0.48],[0.67 0.33],[0.65 0.35],[0.6 0.4],[0.57 0.43],[0.68 0.32],[0.4 0.6],[0.51 0.49],[0.5 0.5],[0.5 0.5],[0.43 0.57],[0.52 0.48],[0.62 0.38],[0.63 0.37],[0.45 0.55],[0.5 0.5],[0.49 0.51],,[0.66 0.34],[0.41 0.59],[0.5 0.5],[0.51 0.49],[0.33 0.67],[0.44 0.56],[0.43 0.57],[0.53 0.47],[0.43 0.57],[0.54 0.46],[0.66 0.34],[0.45 0.55],[0.66 0.34],[0.51 0.49],[0.55 0.45],[0.57 0.43],[0.65 0.35],[0.59 0.41],[0.42 0.58],[0.57 0.43],[0.64 0.36]
1359,[0.56 0.44],[0.51 0.49],[0.61 0.39],[0.5 0.5],[0.58 0.42],[0.58 0.42],[0.57 0.43],[0.5 0.5],[0.54 0.46],[0.42 0.58],[0.53 0.47],[0.25 0.75],[0.47 0.53],[0.47 0.53],[0.54 0.46],[0.48 0.52],[0.52 0.48],[0.53 0.47],[0.3 0.7],[0.5 0.5],[0.55 0.45],[0.4 0.6],[0.58 0.42],[0.61 0.39],[0.6 0.4],[0.53 0.47],[0.58 0.42],[0.24 0.76],[0.36 0.64],[0.57 0.43],[0.55 0.45],[0.49 0.51],[0.52 0.48],[0.44 0.56],[0.54 0.46],[0.47 0.53],[0.59 0.41],[0.6 0.4],[0.42 0.58],[0.58 0.42],[0.58 0.42],[0.55 0.45],[0.34 0.66],,[0.4 0.6],[0.47 0.53],[0.38 0.62],[0.42 0.58],[0.68 0.32],[0.44 0.56],[0.36 0.64],[0.42 0.58],[0.61 0.39],[0.62 0.38],[0.43 0.57],[0.48 0.52],[0.72 0.28],[0.57 0.43],[0.45 0.55],[0.38 0.62],[0.45 0.55],[0.49 0.51],[0.59 0.41],[0.5 0.5]
1103,[0.62 0.38],[0.41 0.59],[0.38 0.62],[0.39 0.61],[0.55 0.45],[0.5 0.5],[0.43 0.57],[0.53 0.47],[0.47 0.53],[0.43 0.57],[0.33 0.67],[0.14 0.86],[0.48 0.52],[0.68 0.32],[0.8 0.2],[0.44 0.56],[0.26 0.74],[0.46 0.54],[0.4 0.6],[0.51 0.49],[0.46 0.54],[0.47 0.53],[0.3 0.7],[0.49 0.51],[0.5 0.5],[0.49 0.51],[0.43 0.57],[0.68 0.32],[0.39 0.61],[0.65 0.35],[0.34 0.66],[0.47 0.53],[0.47 0.53],[0.5 0.5],[0.46 0.54],[0.45 0.55],[0.48 0.52],[0.5 0.5],[0.49 0.51],[0.55 0.45],[0.36 0.64],[0.41 0.59],[0.59 0.41],[0.6 0.4],,[0.56 0.44],[0.64 0.36],[0.22 0.78],[0.7 0.3],[0.38 0.62],[0.61 0.39],[0.75 0.25],[0.71 0.29],[0.72 0.28],[0.33 0.67],[0.29 0.71],[0.42 0.58],[0.31 0.69],[0.56 0.44],[0.7 0.3],[0.67 0.33],[0.69 0.31],[0.46 0.54],[0.59 0.41]
1389,[0.5 0.5],[0.43 0.57],[0.37 0.63],[0.35 0.65],[0.46 0.54],[0.52 0.48],[0.48 0.52],[0.39 0.61],[0.42 0.58],[0.45 0.55],[0.45 0.55],[0.23 0.77],[0.57 0.43],[0.27 0.73],[0.51 0.49],[0.36 0.64],[0.39 0.61],[0.4 0.6],[0.48 0.52],[0.34 0.66],[0.42 0.58],[0.41 0.59],[0.27 0.73],[0.51 0.49],[0.39 0.61],[0.32 0.68],[0.42 0.58],[0.57 0.43],[0.65 0.35],[0.57 0.43],[0.44 0.56],[0.39 0.61],[0.41 0.59],[0.39 0.61],[0.42 0.58],[0.42 0.58],[0.46 0.54],[0.43 0.57],[0.42 0.58],[0.45 0.55],[0.44 0.56],[0.46 0.54],[0.5 0.5],[0.53 0.47],[0.44 0.56],,[0.48 0.52],[0.31 0.69],[0.27 0.73],[0.46 0.54],[0.67 0.33],[0.66 0.34],[0.59 0.41],[0.67 0.33],[0.62 0.38],[0.48 0.52],[0.61 0.39],[0.47 0.53],[0.65 0.35],[0.4 0.6],[0.78 0.22],[0.66 0.34],[0.58 0.42],[0.44 0.56]
1212,[0.59 0.41],[0.53 0.47],[0.45 0.55],[0.46 0.54],[0.5 0.5],[0.57 0.43],[0.45 0.55],[0.46 0.54],[0.48 0.52],[0.55 0.45],[0.48 0.52],[0.49 0.51],[0.4 0.6],[0.54 0.46],[0.58 0.42],[0.34 0.66],[0.39 0.61],[0.5 0.5],[0.46 0.54],[0.38 0.62],[0.47 0.53],[0.48 0.52],[0.31 0.69],[0.5 0.5],[0.52 0.48],[0.5 0.5],[0.35 0.65],[0.53 0.47],[0.5 0.5],[0.51 0.49],[0.55 0.45],[0.4 0.6],[0.49 0.51],[0.35 0.65],[0.53 0.47],[0.48 0.52],[0.45 0.55],[0.49 0.51],[0.46 0.54],[0.48 0.52],[0.46 0.54],[0.49 0.51],[0.49 0.51],[0.62 0.38],[0.36 0.64],[0.52 0.48],,[0.66 0.34],[0.3 0.7],[0.54 0.46],[0.29 0.71],[0.61 0.39],[0.71 0.29],[0.83 0.17],[0.7 0.3],[0.44 0.56],[0.64 0.36],[0.66 0.34],[0.47 0.53],[0.26 0.74],[0.7 0.3],[0.67 0.33],[0.37 0.63],[0.47 0.53]
1222,[0.31 0.69],[0.54 0.46],[0.56 0.44],[0.76 0.24],[0.75 0.25],[0.28 0.72],[0.51 0.49],[0.79 0.21],[0.81 0.19],[0.52 0.48],[0.66 0.34],[0.76 0.24],[0.37 0.63],[0.29 0.71],[0.12 0.88],[0.62 0.38],[0.43 0.57],[0.81 0.19],[0.42 0.58],[0.68 0.32],[0.49 0.51],[0.4 0.6],[0.45 0.55],[0.66 0.34],[0.81 0.19],[0.35 0.65],[0.72 0.28],[0.77 0.23],[0.63 0.37],[0.78 0.22],[0.68 0.32],[0.59 0.41],[0.61 0.39],[0.57 0.43],[0.88 0.12],[0.48 0.52],[0.7 0.3],[0.81 0.19],[0.79 0.21],[0.28 0.72],[0.56 0.44],[0.82 0.18],[0.67 0.33],[0.58 0.42],[0.78 0.22],[0.69 0.31],[0.34 0.66],,[0.4 0.6],[0.45 0.55],[0.54 0.46],[0.53 0.47],[0.62 0.38],[0.51 0.49],[0.43 0.57],[0.5 0.5],[0.53 0.47],[0.57 0.43],[0.37 0.63],[0.55 0.45],[0.46 0.54],[0.44 0.56],[0.48 0.52],[0.63 0.37]
1266,[0.51 0.49],[0.81 0.19],[0.69 0.31],[0.82 0.18],[0.7 0.3],[0.65 0.35],[0.5 0.5],[0.74 0.26],[0.54 0.46],[0.64 0.36],[0.69 0.31],[0.74 0.26],[0.64 0.36],[0.67 0.33],[0.35 0.65],[0.82 0.18],[0.37 0.63],[0.83 0.17],[0.34 0.66],[0.68 0.32],[0.33 0.67],[0.68 0.32],[0.78 0.22],[0.83 0.17],[0.45 0.55],[0.65 0.35],[0.7 0.3],[0.63 0.37],[0.61 0.39],[0.55 0.45],[0.65 0.35],[0.67 0.33],[0.7 0.3],[0.51 0.49],[0.9 0.1],[0.34 0.66],[0.27 0.73],[0.1 0.9],[0.72 0.28],[0.31 0.69],[0.78 0.22],[0.67 0.33],[0.56 0.44],[0.32 0.68],[0.3 0.7],[0.73 0.27],[0.7 0.3],[0.6 0.4],,[0.46 0.54],[0.62 0.38],[0.58 0.42],[0.59 0.41],[0.48 0.52],[0.47 0.53],[0.69 0.31],[0.42 0.58],[0.51 0.49],[0.48 0.52],[0.53 0.47],[0.61 0.39],[0.45 0.55],[0.48 0.52],[0.7 0.3]
1246,[0.54 0.46],[0.61 0.39],[0.12 0.88],[0.67 0.33],[0.44 0.56],[0.62 0.38],[0.61 0.39],[0.35 0.65],[0.62 0.38],[0.44 0.56],[0.53 0.47],[0.18 0.82],[0.51 0.49],[0.29 0.71],[0.26 0.74],[0.38 0.62],[0.38 0.62],[0.47 0.53],[0.46 0.54],[0.65 0.35],[0.32 0.68],[0.69 0.31],[0.27 0.73],[0.6 0.4],[0.55 0.45],[0.33 0.67],[0.53 0.47],[0.41 0.59],[0.4 0.6],[0.61 0.39],[0.58 0.42],[0.44 0.56],[0.84 0.16],[0.44 0.56],[0.52 0.48],[0.61 0.39],[0.57 0.43],[0.62 0.38],[0.62 0.38],[0.32 0.68],[0.29 0.71],[0.55 0.45],[0.57 0.43],[0.56 0.44],[0.62 0.38],[0.54 0.46],[0.46 0.54],[0.55 0.45],[0.54 0.46],,[0.4 0.6],[0.4 0.6],[0.54 0.46],[0.53 0.47],[0.38 0.62],[0.13 0.87],[0.33 0.67],[0.38 0.62],[0.42 0.58],[0.55 0.45],[0.61 0.39],[0.45 0.55],[0.49 0.51],[0.57 0.43]
1181,[0.53 0.47],[0.61 0.39],[0.48 0.52],[0.34 0.66],[0.67 0.33],[0.22 0.78],[0.53 0.47],[0.84 0.16],[0.66 0.34],[0.69 0.31],[0.31 0.69],[0.21 0.79],[0.7 0.3],[0.66 0.34],[0.27 0.73],[0.42 0.58],[0.61 0.39],[0.6 0.4],[0.35 0.65],[0.71 0.29],[0.65 0.35],[0.66 0.34],[0.71 0.29],[0.19 0.81],[0.44 0.56],[0.38 0.62],[0.69 0.31],[0.68 0.32],[0.72 0.28],[0.5 0.5],[0.34 0.66],[0.43 0.57],[0.6 0.4],[0.54 0.46],[0.49 0.51],[0.38 0.62],[0.44 0.56],[0.31 0.69],[0.31 0.69],[0.74 0.26],[0.7 0.3],[0.76 0.24],[0.47 0.53],[0.64 0.36],[0.39 0.61],[0.33 0.67],[0.71 0.29],[0.46 0.54],[0.38 0.62],[0.6 0.4],,[0.31 0.69],[0.49 0.51],[0.6 0.4],[0.71 0.29],[0.73 0.27],[0.46 0.54],[0.58 0.42],[0.52 0.48],[0.69 0.31],[0.74 0.26],[0.63 0.37],[0.5 0.5],[0.66 0.34]
1458,[0.39 0.61],[0.6 0.4],[0.56 0.44],[0.52 0.48],[0.32 0.68],[0.48 0.52],[0.73 0.27],[0.64 0.36],[0.68 0.32],[0.69 0.31],[0.65 0.35],[0.66 0.34],[0.5 0.5],[0.67 0.33],[0.42 0.58],[0.46 0.54],[0.54 0.46],[0.39 0.61],[0.29 0.71],[0.41 0.59],[0.27 0.73],[0.31 0.69],[0.59 0.41],[0.55 0.45],[0.22 0.78],[0.29 0.71],[0.68 0.32],[0.18 0.82],[0.56 0.44],[0.34 0.66],[0.45 0.55],[0.09 0.91],[0.34 0.66],[0.39 0.61],[0.45 0.55],[0.32 0.68],[0.54 0.46],[0.3 0.7],[0.32 0.68],[0.69 0.31],[0.36 0.64],[0.18 0.82],[0.57 0.43],[0.58 0.42],[0.25 0.75],[0.34 0.66],[0.39 0.61],[0.47 0.53],[0.42 0.58],[0.6 0.4],[0.69 0.31],,[0.69 0.31],[0.43 0.57],[0.1 0.9],[0.36 0.64],[0.36 0.64],[0.28 0.72],[0.64 0.36],[0.57 0.43],[0.55 0.45],[0.52 0.48],[0.51 0.49],[0.53 0.47]
1403,[0.54 0.46],[0.54 0.46],[0.33 0.67],[0.4 0.6],[0.35 0.65],[0.56 0.44],[0.64 0.36],[0.65 0.35],[0.53 0.47],[0.43 0.57],[0.49 0.51],[0.6 0.4],[0.54 0.46],[0.68 0.32],[0.53 0.47],[0.43 0.57],[0.56 0.44],[0.45 0.55],[0.37 0.63],[0.53 0.47],[0.39 0.61],[0.58 0.42],[0.44 0.56],[0.44 0.56],[0.57 0.43],[0.61 0.39],[0.51 0.49],[0.45 0.55],[0.39 0.61],[0.39 0.61],[0.3 0.7],[0.33 0.67],[0.44 0.56],[0.35 0.65],[0.49 0.51],[0.6 0.4],[0.53 0.47],[0.16 0.84],[0.58 0.42],[0.74 0.26],[0.45 0.55],[0.32 0.68],[0.46 0.54],[0.39 0.61],[0.29 0.71],[0.41 0.59],[0.29 0.71],[0.38 0.62],[0.41 0.59],[0.46 0.54],[0.51 0.49],[0.31 0.69],,[0.51 0.49],[0.62 0.38],[0.42 0.58],[0.38 0.62],[0.46 0.54],[0.45 0.55],[0.45 0.55],[0.5 0.5],[0.44 0.56],[0.45 0.55],[0.43 0.57]
1196,[0.41 0.59],[0.5 0.5],[0.22 0.78],[0.38 0.62],[0.35 0.65],[0.13 0.87],[0.44 0.56],[0.28 0.72],[0.46 0.54],[0.37 0.63],[0.4 0.6],[0.4 0.6],[0.32 0.68],[0.32 0.68],[0.34 0.66],[0.25 0.75],[0.54 0.46],[0.49 0.51],[0.52 0.48],[0.31 0.69],[0.34 0.66],[0.35 0.65],[0.82 0.18],[0.36 0.64],[0.32 0.68],[0.44 0.56],[0.44 0.56],[0.24 0.76],[0.31 0.69],[0.43 0.57],[0.2 0.8],[0.26 0.74],[0.34 0.66],[0.3 0.7],[0.45 0.55],[0.47 0.53],[0.18 0.82],[0.23 0.77],[0.49 0.51],[0.53 0.47],[0.43 0.57],[0.22 0.78],[0.34 0.66],[0.38 0.62],[0.28 0.72],[0.33 0.67],[0.17 0.83],[0.49 0.51],[0.52 0.48],[0.47 0.53],[0.4 0.6],[0.57 0.43],[0.49 0.51],,[0.63 0.37],[0.9 0.1],[0.49 0.51],[0.56 0.44],[0.41 0.59],[0.49 0.51],[0.55 0.45],[0.57 0.43],[0.53 0.47],[0.57 0.43]
1304,[0.46 0.54],[0.68 0.32],[0.28 0.72],[0.46 0.54],[0.56 0.44],[0.52 0.48],[0.44 0.56],[0.51 0.49],[0.46 0.54],[0.5 0.5],[0.8 0.2],[0.24 0.76],[0.52 0.48],[0.56 0.44],[0.35 0.65],[0.39 0.61],[0.53 0.47],[0.76 0.24],[0.76 0.24],[0.65 0.35],[0.3 0.7],[0.41 0.59],[0.69 0.31],[0.81 0.19],[0.64 0.36],[0.54 0.46],[0.68 0.32],[0.62 0.38],[0.54 0.46],[0.55 0.45],[0.57 0.43],[0.6 0.4],[0.66 0.34],[0.64 0.36],[0.62 0.38],[0.59 0.41],[0.6 0.4],[0.35 0.65],[0.35 0.65],[0.44 0.56],[0.61 0.39],[0.49 0.51],[0.55 0.45],[0.57 0.43],[0.67 0.33],[0.38 0.62],[0.3 0.7],[0.57 0.43],[0.53 0.47],[0.62 0.38],[0.29 0.71],[0.9 0.1],[0.38 0.62],[0.37 0.63],,[0.45 0.55],[0.6 0.4],[0.56 0.44],[0.52 0.48],[0.54 0.46],[0.55 0.45],[0.5 0.5],[0.51 0.49],[0.48 0.52]
1401,[0.46 0.54],[0.71 0.29],[0.7 0.3],[0.57 0.43],[0.29 0.71],[0.28 0.72],[0.61 0.39],[0.54 0.46],[0.65 0.35],[0.37 0.63],[0.52 0.48],[0.32 0.68],[0.55 0.45],[0.35 0.65],[0.52 0.48],[0.63 0.37],[0.68 0.32],[0.32 0.68],[0.73 0.27],[0.53 0.47],[0.3 0.7],[0.36 0.64],[0.85 0.15],[0.51 0.49],[0.26 0.74],[0.74 0.26],[0.34 0.66],[0.25 0.75],[0.34 0.66],[0.27 0.73],[0.32 0.68],[0.52 0.48],[0.52 0.48],[0.36 0.64],[0.43 0.57],[0.69 0.31],[0.43 0.57],[0.6 0.4],[0.5 0.5],[0.57 0.43],[0.43 0.57],[0.3 0.7],[0.34 0.66],[0.52 0.48],[0.71 0.29],[0.52 0.48],[0.56 0.44],[0.5 0.5],[0.31 0.69],[0.87 0.13],[0.27 0.73],[0.64 0.36],[0.58 0.42],[0.1 0.9],[0.55 0.45],,[0.64 0.36],[0.41 0.59],[0.39 0.61],[0.59 0.41],[0.66 0.34],[0.6 0.4],[0.59 0.41],[0.46 0.54]
1160,[0.64 0.36],[0.47 0.53],[0.45 0.55],[0.41 0.59],[0.46 0.54],[0.75 0.25],[0.54 0.46],[0.73 0.27],[0.56 0.44],[0.55 0.45],[0.31 0.69],[0.18 0.82],[0.32 0.68],[0.21 0.79],[0.44 0.56],[0.59 0.41],[0.27 0.73],[0.35 0.65],[0.39 0.61],[0.73 0.27],[0.49 0.51],[0.57 0.43],[0.52 0.48],[0.62 0.38],[0.42 0.58],[0.62 0.38],[0.59 0.41],[0.65 0.35],[0.53 0.47],[0.48 0.52],[0.34 0.66],[0.57 0.43],[0.68 0.32],[0.43 0.57],[0.67 0.33],[0.5 0.5],[0.73 0.27],[0.57 0.43],[0.2 0.8],[0.8 0.2],[0.58 0.42],[0.82 0.18],[0.49 0.51],[0.28 0.72],[0.58 0.42],[0.39 0.61],[0.36 0.64],[0.47 0.53],[0.58 0.42],[0.67 0.33],[0.54 0.46],[0.64 0.36],[0.62 0.38],[0.51 0.49],[0.4 0.6],[0.36 0.64],,[0.36 0.64],[0.41 0.59],[0.46 0.54],[0.49 0.51],[0.49 0.51],[0.55 0.45],[0.58 0.42]
1301,[0.43 0.57],[0.67 0.33],[0.32 0.68],[0.34 0.66],[0.22 0.78],[0.51 0.49],[0.48 0.52],[0.45 0.55],[0.67 0.33],[0.4 0.6],[0.7 0.3],[0.24 0.76],[0.31 0.69],[0.34 0.66],[0.62 0.38],[0.18 0.82],[0.24 0.76],[0.69 0.31],[0.36 0.64],[0.37 0.63],[0.05 0.95],[0.33 0.67],[0.62 0.38],[0.52 0.48],[0.55 0.45],[0.55 0.45],[0.52 0.48],[0.56 0.44],[0.4 0.6],[0.59 0.41],[0.54 0.46],[0.55 0.45],[0.54 0.46],[0.49 0.51],[0.52 0.48],[0.63 0.37],[0.58 0.42],[0.36 0.64],[0.68 0.32],[0.6 0.4],[0.3 0.7],[0.51 0.49],[0.45 0.55],[0.43 0.57],[0.69 0.31],[0.53 0.47],[0.34 0.66],[0.43 0.57],[0.49 0.51],[0.62 0.38],[0.42 0.58],[0.72 0.28],[0.54 0.46],[0.44 0.56],[0.44 0.56],[0.59 0.41],[0.64 0.36],,[0.65 0.35],[0.62 0.38],[0.6 0.4],[0.45 0.55],[0.54 0.46],[0.69 0.31]
1241,[0.54 0.46],[0.5 0.5],[0.54 0.46],[0.6 0.4],[0.35 0.65],[0.33 0.67],[0.67 0.33],[0.43 0.57],[0.62 0.38],[0.68 0.32],[0.43 0.57],[0.63 0.37],[0.5 0.5],[0.38 0.62],[0.46 0.54],[0.46 0.54],[0.31 0.69],[0.37 0.63],[0.37 0.63],[0.4 0.6],[0.47 0.53],[0.58 0.42],[0.61 0.39],[0.85 0.15],[0.6 0.4],[0.5 0.5],[0.46 0.54],[0.46 0.54],[0.5 0.5],[0.58 0.42],[0.5 0.5],[0.44 0.56],[0.51 0.49],[0.56 0.44],[0.49 0.51],[0.42 0.58],[0.44 0.56],[0.47 0.53],[0.65 0.35],[0.48 0.52],[0.47 0.53],[0.52 0.48],[0.43 0.57],[0.55 0.45],[0.44 0.56],[0.35 0.65],[0.53 0.47],[0.63 0.37],[0.52 0.48],[0.58 0.42],[0.48 0.52],[0.36 0.64],[0.55 0.45],[0.59 0.41],[0.48 0.52],[0.61 0.39],[0.59 0.41],[0.35 0.65],,[0.39 0.61],[0.66 0.34],[0.53 0.47],[0.5 0.5],[0.6 0.4]
1436,[0.57 0.43],[0.49 0.51],[0.51 0.49],[0.41 0.59],[0.36 0.64],[0.5 0.5],[0.61 0.39],[0.54 0.46],[0.38 0.62],[0.49 0.51],[0.44 0.56],[0.15 0.85],[0.56 0.44],[0.26 0.74],[0.71 0.29],[0.47 0.53],[0.22 0.78],[0.51 0.49],[0.52 0.48],[0.33 0.67],[0.29 0.71],[0.28 0.72],[0.48 0.52],[0.61 0.39],[0.57 0.43],[0.45 0.55],[0.37 0.63],[0.14 0.86],[0.58 0.42],[0.23 0.77],[0.51 0.49],[0.5 0.5],[0.4 0.6],[0.3 0.7],[0.36 0.64],[0.54 0.46],[0.55 0.45],[0.52 0.48],[0.44 0.56],[0.5 0.5],[0.4 0.6],[0.44 0.56],[0.35 0.65],[0.62 0.38],[0.3 0.7],[0.6 0.4],[0.74 0.26],[0.45 0.55],[0.47 0.53],[0.45 0.55],[0.31 0.69],[0.43 0.57],[0.55 0.45],[0.51 0.49],[0.46 0.54],[0.41 0.59],[0.54 0.46],[0.38 0.62],[0.61 0.39],,[0.69 0.31],[0.46 0.54],[0.51 0.49],[0.57 0.43]
1324,[0.4 0.6],[0.45 0.55],[0.46 0.54],[0.38 0.62],[0.41 0.59],[0.33 0.67],[0.54 0.46],[0.38 0.62],[0.52 0.48],[0.37 0.63],[0.56 0.44],[0.2 0.8],[0.41 0.59],[0.18 0.82],[0.38 0.62],[0.42 0.58],[0.46 0.54],[0.46 0.54],[0.3 0.7],[0.5 0.5],[0.45 0.55],[0.55 0.45],[0.39 0.61],[0.48 0.52],[0.51 0.49],[0.38 0.62],[0.38 0.62],[0.26 0.74],[0.49 0.51],[0.38 0.62],[0.27 0.73],[0.41 0.59],[0.34 0.66],[0.37 0.63],[0.44 0.56],[0.38 0.62],[0.49 0.51],[0.4 0.6],[0.36 0.64],[0.42 0.58],[0.45 0.55],[0.5 0.5],[0.41 0.59],[0.55 0.45],[0.33 0.67],[0.22 0.78],[0.3 0.7],[0.54 0.46],[0.39 0.61],[0.39 0.61],[0.26 0.74],[0.45 0.55],[0.5 0.5],[0.45 0.55],[0.45 0.55],[0.34 0.66],[0.51 0.49],[0.4 0.6],[0.34 0.66],[0.31 0.69],,[0.37 0.63],[0.59 0.41],[0.41 0.59]
1443,[0.62 0.38],[0.53 0.47],[0.39 0.61],[0.56 0.44],[0.64 0.36],[0.49 0.51],[0.47 0.53],[0.53 0.47],[0.5 0.5],[0.41 0.59],[0.44 0.56],[0.41 0.59],[0.6 0.4],[0.73 0.27],[0.57 0.43],[0.56 0.44],[0.6 0.4],[0.49 0.51],[0.32 0.68],[0.43 0.57],[0.51 0.49],[0.36 0.64],[0.49 0.51],[0.47 0.53],[0.57 0.43],[0.51 0.49],[0.64 0.36],[0.61 0.39],[0.62 0.38],[0.41 0.59],[0.51 0.49],[0.47 0.53],[0.51 0.49],[0.35 0.65],[0.44 0.56],[0.58 0.42],[0.35 0.65],[0.45 0.55],[0.5 0.5],[0.68 0.32],[0.36 0.64],[0.52 0.48],[0.58 0.42],[0.51 0.49],[0.31 0.69],[0.34 0.66],[0.33 0.67],[0.56 0.44],[0.55 0.45],[0.55 0.45],[0.37 0.63],[0.48 0.52],[0.56 0.44],[0.43 0.57],[0.5 0.5],[0.4 0.6],[0.51 0.49],[0.55 0.45],[0.47 0.53],[0.54 0.46],[0.63 0.37],,[0.66 0.34],[0.35 0.65]
1255,[0.56 0.44],[0.47 0.53],[0.56 0.44],[0.48 0.52],[0.56 0.44],[0.56 0.44],[0.64 0.36],[0.54 0.46],[0.52 0.48],[0.5 0.5],[0.57 0.43],[0.45 0.55],[0.51 0.49],[0.35 0.65],[0.66 0.34],[0.5 0.5],[0.49 0.51],[0.5 0.5],[0.44 0.56],[0.32 0.68],[0.5 0.5],[0.5 0.5],[0.49 0.51],[0.56 0.44],[0.51 0.49],[0.52 0.48],[0.53 0.47],[0.53 0.47],[0.35 0.65],[0.49 0.51],[0.26 0.74],[0.41 0.59],[0.5 0.5],[0.48 0.52],[0.48 0.52],[0.5 0.5],[0.4 0.6],[0.5 0.5],[0.37 0.63],[0.56 0.44],[0.39 0.61],[0.46 0.54],[0.43 0.57],[0.41 0.59],[0.54 0.46],[0.42 0.58],[0.63 0.37],[0.52 0.48],[0.52 0.48],[0.51 0.49],[0.5 0.5],[0.49 0.51],[0.55 0.45],[0.47 0.53],[0.49 0.51],[0.41 0.59],[0.45 0.55],[0.46 0.54],[0.5 0.5],[0.49 0.51],[0.41 0.59],[0.34 0.66],,[0.49 0.51]
1235,,[0.36 0.64],[0.38 0.62],[0.73 0.27],[0.48 0.52],[0.52 0.48],[0.42 0.58],[0.51 0.49],[0.51 0.49],[0.5 0.5],[0.32 0.68],[0.45 0.55],[0.43 0.57],[0.45 0.55],[0.57 0.43],[0.55 0.45],[0.58 0.42],[0.12 0.88],[0.3 0.7],[0.62 0.38],[0.28 0.72],[0.55 0.45],[0.47 0.53],[0.46 0.54],[0.35 0.65],[0.52 0.48],[0.52 0.48],[0.37 0.63],[0.32 0.68],[0.5 0.5],[0.59 0.41],[0.56 0.44],[0.54 0.46],[0.27 0.73],[0.53 0.47],[0.38 0.62],[0.63 0.37],[0.51 0.49],[0.63 0.37],[0.46 0.54],[0.62 0.38],[0.38 0.62],[0.36 0.64],[0.44 0.56],[0.38 0.62],[0.5 0.5],[0.41 0.59],[0.69 0.31],[0.49 0.51],[0.46 0.54],[0.47 0.53],[0.61 0.39],[0.46 0.54],[0.59 0.41],[0.54 0.46],[0.54 0.46],[0.36 0.64],[0.57 0.43],[0.46 0.54],[0.43 0.57],[0.6 0.4],[0.38 0.62],[0.44 0.56],[0.49 0.51]
